{
  "ear_open_mean": 0.4155847619376305,
  "ear_open_std": 0.03240653658000997,
  "ear_closed_mean": 0.3066366156189925,
  "ear_closed_std": 0.06392433828192448,
  "mar_normal_mean": 0.0055936388367056784,
  "mar_yawn_threshold": 0.35,
  "pose_head_pitch_mean": 4.159727444670402,
  "pose_head_pitch_std": 3.387345139787979,
  "calibrated": true
}