{
  "ear_open_mean": 0.4073873244381488,
  "ear_open_std": 0.03138474968030092,
  "ear_closed_mean": 0.2608764345500974,
  "ear_closed_std": 0.060946084942087725,
  "mar_normal_mean": 0.004698683082834743,
  "mar_yawn_threshold": 1.0,
  "pose_head_pitch_mean": 2.107063749883086,
  "pose_head_pitch_std": 6.078108805617732,
  "calibrated": true
}