{
  "ear_open_mean": 0.511636703839498,
  "ear_open_std": 0.010351192381839229,
  "ear_closed_mean": 0.446256517803164,
  "ear_closed_std": 0.06505484099938826,
  "mar_normal_mean": 0.0022074949277372602,
  "mar_yawn_threshold": 0.35,
  "pose_head_pitch_mean": 17.116688634702705,
  "pose_head_pitch_std": 3.3283706105134594,
  "calibrated": true
}