{
  "ear_open_mean": 0.4662327200131407,
  "ear_open_std": 0.024488350253595793,
  "ear_closed_mean": 0.36691778635903116,
  "ear_closed_std": 0.0663665212943483,
  "mar_normal_mean": 0.0026378817063906117,
  "mar_yawn_threshold": 0.35,
  "pose_head_pitch_mean": 3.6032583313143176,
  "pose_head_pitch_std": 3.5157776526994295,
  "calibrated": true
}