{
  "ear_open_mean": 0.4880573433355733,
  "ear_open_std": 0.013864319502784163,
  "ear_closed_mean": 0.4411438462865723,
  "ear_closed_std": 0.02183018301437898,
  "mar_normal_mean": 0.0014951704808577218,
  "mar_yawn_threshold": 0.35,
  "pose_head_pitch_mean": 13.406560417761845,
  "pose_head_pitch_std": 5.458431063932485,
  "calibrated": true
}